TEAM_ID,TEAM_NAME,GP,W,L,W_PCT,MIN,FGM,FGA,FG_PCT,FG3M,FG3A,FG3_PCT,FTM,FTA,FT_PCT,OREB,DREB,REB,AST,TOV,STL,BLK,BLKA,PF,PFD,PTS,PLUS_MINUS,OFF_RATING,DEF_RATING,NET_RATING,AST_PCT,AST_TO,AST_RATIO,OREB_PCT,DREB_PCT,REB_PCT,TM_TOV_PCT,EFG_PCT,TS_PCT,PACE,PACE_PER40,POSS,PIE,OPP_FGM,OPP_FGA,OPP_FG_PCT,OPP_FG3M,OPP_FG3A,OPP_FG3_PCT,OPP_FTM,OPP_FTA,OPP_FT_PCT,OPP_OREB,OPP_DREB,OPP_REB,OPP_AST,OPP_TOV,OPP_STL,OPP_BLK,OPP_BLKA,OPP_PF,OPP_PFD,OPP_PTS,TEAM,YEAR
1610612737,Atlanta Hawks,82,43,39,0.524,48.1,41.5,88.3,0.47,12.9,34.4,0.374,18.1,22.3,0.812,10.0,33.9,44.0,24.6,11.9,7.2,4.2,4.5,18.7,20.3,113.9,1.6,115.4,113.7,1.6,0.593,2.08,18.1,0.269,0.731,0.501,0.12,0.543,0.581,98.67,82.22,8099,0.509,41.9,89.0,0.471,12.8,35.2,0.364,15.8,19.9,0.792,10.2,33.6,43.9,25.4,12.8,7.0,4.5,4.2,20.3,18.7,112.4,ATL,21-22
1610612738,Boston Celtics,82,51,31,0.622,48.5,40.7,87.4,0.466,13.2,37.1,0.356,17.0,20.9,0.816,10.5,35.5,46.1,24.8,13.6,7.2,5.8,4.6,18.5,19.4,111.8,7.3,113.6,106.2,7.4,0.609,1.82,18.2,0.277,0.725,0.509,0.139,0.542,0.578,97.26,81.05,8068,0.547,38.3,88.1,0.434,11.8,34.9,0.339,16.1,20.6,0.783,10.5,33.3,43.7,21.6,13.8,7.5,4.6,5.8,19.4,18.5,104.5,BOS,21-22
1610612751,Brooklyn Nets,82,44,38,0.537,48.2,42.0,88.4,0.475,11.5,31.7,0.361,17.5,21.7,0.805,10.3,34.1,44.4,25.3,14.1,7.1,5.5,4.9,20.4,19.7,112.9,0.8,113.2,112.3,0.9,0.602,1.8,18.3,0.281,0.704,0.499,0.141,0.54,0.576,99.4,82.83,8177,0.512,40.7,90.2,0.452,12.5,36.3,0.345,18.1,23.0,0.788,11.3,32.8,44.1,23.8,13.3,7.9,4.9,5.5,19.7,20.4,112.1,BRK,21-22
1610612766,Charlotte Hornets,82,43,39,0.524,48.5,42.8,91.4,0.468,13.9,38.2,0.365,15.8,21.4,0.74,10.8,33.7,44.6,28.1,13.3,8.6,4.9,4.6,19.9,19.6,115.3,0.4,113.6,113.1,0.5,0.656,2.12,19.6,0.27,0.706,0.486,0.131,0.544,0.572,100.52,83.76,8322,0.504,42.0,90.1,0.466,14.0,38.7,0.362,16.9,22.1,0.763,11.4,35.6,47.0,26.5,15.0,7.5,4.6,4.9,19.6,19.9,114.9,CHO,21-22
1610612741,Chicago Bulls,82,46,36,0.561,48.1,41.7,86.9,0.48,10.6,28.8,0.369,17.5,21.5,0.813,8.7,33.7,42.3,23.9,12.8,7.1,4.1,5.0,18.8,18.2,111.6,-0.4,112.7,113.2,-0.5,0.572,1.86,17.8,0.249,0.735,0.495,0.13,0.541,0.579,98.76,82.3,8124,0.496,41.4,87.4,0.474,11.7,32.0,0.366,17.4,21.9,0.795,9.3,33.9,43.2,25.0,13.1,7.1,5.0,4.1,18.2,18.8,112.0,CHI,21-22
1610612739,Cleveland Cavaliers,82,44,38,0.537,48.1,39.7,84.6,0.469,11.6,32.8,0.355,16.8,22.1,0.76,10.2,34.0,44.2,25.2,14.4,7.1,4.2,4.6,17.5,20.0,107.8,2.1,111.0,108.9,2.1,0.634,1.75,18.7,0.277,0.724,0.506,0.148,0.538,0.571,96.83,80.69,7964,0.517,39.5,87.2,0.452,11.7,33.2,0.353,15.0,19.4,0.774,10.5,32.4,42.9,24.1,13.4,8.4,4.6,4.2,20.0,17.5,105.7,CLE,21-22
1610612742,Dallas Mavericks,82,52,30,0.634,48.2,39.3,85.1,0.461,13.1,37.4,0.35,16.4,21.2,0.771,9.3,33.8,43.0,23.4,12.5,6.7,4.0,3.7,19.7,20.1,108.0,3.3,112.5,109.1,3.5,0.595,1.87,17.8,0.256,0.733,0.496,0.13,0.538,0.572,95.64,79.7,7871,0.511,39.0,85.4,0.457,10.9,32.1,0.34,15.8,20.6,0.767,9.5,34.1,43.6,23.5,13.1,7.0,3.7,4.0,20.1,19.7,104.7,DAL,21-22
1610612743,Denver Nuggets,82,48,34,0.585,48.3,41.7,86.3,0.483,12.7,35.9,0.353,16.7,21.0,0.795,9.2,34.9,44.1,27.8,14.5,7.2,3.7,4.8,20.0,19.9,112.7,2.3,113.8,111.5,2.3,0.667,1.92,20.0,0.268,0.752,0.515,0.146,0.556,0.59,98.41,82.01,8123,0.516,41.1,87.4,0.47,11.8,34.2,0.346,16.5,21.7,0.757,9.7,32.7,42.4,25.4,12.8,7.9,4.8,3.7,19.9,20.0,110.4,DEN,21-22
1610612765,Detroit Pistons,82,23,59,0.28,48.2,38.2,88.6,0.431,11.3,34.6,0.326,17.2,22.0,0.782,11.0,32.0,43.0,23.5,14.2,7.7,4.8,5.2,21.9,19.8,104.8,-7.7,105.6,113.3,-7.7,0.615,1.65,17.1,0.276,0.707,0.481,0.143,0.494,0.533,98.81,82.34,8141,0.45,40.6,86.0,0.473,11.8,32.5,0.362,19.5,25.1,0.777,10.3,35.9,46.3,25.1,14.6,7.4,5.2,4.8,19.8,21.9,112.5,DET,21-22
1610612744,Golden State Warriors,82,53,29,0.646,48.1,40.5,86.4,0.469,14.3,39.4,0.364,15.6,20.3,0.769,9.8,35.7,45.5,27.1,14.9,8.8,4.5,3.9,21.0,18.0,111.0,5.5,112.1,106.6,5.5,0.669,1.82,19.5,0.269,0.736,0.51,0.15,0.552,0.582,98.74,82.28,8121,0.536,37.9,86.6,0.438,12.2,36.0,0.339,17.4,22.9,0.759,9.7,33.0,42.6,22.9,14.5,7.9,3.9,4.5,18.0,21.0,105.5,GSW,21-22
1610612745,Houston Rockets,82,20,62,0.244,48.2,39.4,86.4,0.456,13.5,38.7,0.349,17.5,24.5,0.713,9.6,32.4,42.0,23.6,16.5,7.3,4.7,5.8,20.6,22.1,109.7,-8.5,108.1,116.4,-8.3,0.598,1.43,17.1,0.265,0.71,0.485,0.162,0.534,0.565,101.16,84.3,8323,0.451,43.4,89.9,0.483,12.8,36.2,0.353,18.5,23.7,0.782,11.2,34.5,45.7,25.6,14.1,9.5,5.8,4.7,22.1,20.6,118.2,HOU,21-22
1610612754,Indiana Pacers,82,25,57,0.305,48.5,41.4,89.5,0.463,12.2,35.4,0.344,16.4,21.4,0.768,11.3,32.6,43.9,25.4,14.4,7.1,5.6,4.9,20.4,19.2,111.5,-3.5,111.9,115.5,-3.6,0.612,1.76,18.1,0.31,0.725,0.512,0.145,0.531,0.564,98.55,82.13,8166,0.478,42.5,88.0,0.483,12.0,32.3,0.372,17.9,22.5,0.797,10.2,33.0,43.1,25.1,13.3,8.1,4.9,5.6,19.2,20.4,114.9,IND,21-22
1610612746,LA Clippers,82,42,40,0.512,48.2,40.1,87.4,0.458,12.8,34.2,0.374,15.5,19.6,0.793,9.1,34.9,44.0,24.0,13.7,7.4,5.0,4.1,18.6,18.5,108.4,0.0,109.5,109.5,0.0,0.599,1.75,17.7,0.254,0.706,0.486,0.139,0.531,0.564,98.51,82.09,8121,0.502,40.8,90.6,0.45,11.7,33.9,0.345,15.2,19.6,0.775,12.0,35.1,47.1,24.1,13.6,7.7,4.1,5.0,18.5,18.6,108.4,LAC,21-22
1610612747,Los Angeles Lakers,82,33,49,0.402,48.7,41.6,88.8,0.469,12.0,34.5,0.347,16.8,23.0,0.732,9.5,34.5,44.0,24.0,14.5,7.6,5.2,4.1,20.2,20.1,112.1,-3.0,110.0,112.8,-2.9,0.576,1.65,17.3,0.256,0.72,0.49,0.142,0.537,0.567,100.47,83.73,8360,0.482,42.6,90.5,0.47,12.6,35.8,0.352,17.4,23.3,0.747,11.0,35.6,46.6,26.3,14.0,8.3,4.1,5.2,20.1,20.2,115.1,LAL,21-22
1610612763,Memphis Grizzlies,82,56,26,0.683,48.2,43.5,94.4,0.461,11.5,32.7,0.353,17.0,23.1,0.734,14.1,35.0,49.2,26.0,13.2,9.8,6.5,6.0,19.8,19.8,115.6,5.7,114.3,108.9,5.3,0.597,1.97,17.9,0.338,0.726,0.526,0.13,0.522,0.553,100.52,83.77,8295,0.53,40.3,88.6,0.455,12.0,34.5,0.349,17.3,22.4,0.771,10.0,33.0,43.0,25.0,15.1,7.2,6.0,6.5,19.8,19.8,109.9,MEM,21-22
1610612748,Miami Heat,82,53,29,0.646,48.4,39.6,84.8,0.467,13.6,35.8,0.379,17.3,21.4,0.808,9.8,33.9,43.7,25.5,14.6,7.4,3.2,4.0,20.5,20.6,110.0,4.5,113.0,108.4,4.5,0.644,1.75,18.8,0.278,0.735,0.51,0.149,0.547,0.584,96.53,80.44,7987,0.529,37.5,84.0,0.447,13.0,38.3,0.339,17.5,22.5,0.779,9.5,32.1,41.7,23.3,15.0,7.4,4.0,3.2,20.6,20.5,105.6,MIA,21-22
1610612749,Milwaukee Bucks,82,51,31,0.622,48.2,41.8,89.4,0.468,14.1,38.4,0.366,17.8,22.9,0.776,10.2,36.5,46.7,23.9,13.4,7.6,4.0,4.4,18.2,19.7,115.5,3.4,114.3,111.1,3.2,0.572,1.78,17.3,0.269,0.747,0.512,0.133,0.546,0.58,100.59,83.83,8284,0.516,41.4,90.6,0.456,14.5,40.6,0.356,15.0,19.9,0.751,9.9,34.2,44.1,25.9,13.0,7.4,4.4,4.0,19.7,18.2,112.1,MIL,21-22
1610612750,Minnesota Timberwolves,82,46,36,0.561,48.2,41.6,91.0,0.457,14.8,41.3,0.358,18.0,23.1,0.778,11.2,32.9,44.2,25.7,14.3,8.8,5.6,4.8,21.8,20.9,115.9,2.6,113.8,111.0,2.7,0.617,1.79,18.1,0.284,0.706,0.49,0.141,0.539,0.573,101.47,84.56,8357,0.504,40.2,87.4,0.46,13.1,37.3,0.35,19.8,25.4,0.78,11.0,34.9,45.9,26.2,16.3,7.2,4.8,5.6,20.9,21.8,113.3,MIN,21-22
1610612740,New Orleans Pelicans,82,36,46,0.439,48.2,40.2,88.0,0.457,10.6,32.1,0.332,18.3,23.2,0.789,12.0,33.2,45.2,25.0,14.1,8.3,4.0,4.8,19.7,20.5,109.3,-1.0,111.2,112.0,-0.8,0.621,1.78,18.1,0.306,0.742,0.518,0.143,0.517,0.557,98.02,81.69,8060,0.5,40.3,85.5,0.471,13.0,35.5,0.365,16.8,21.4,0.786,9.3,32.5,41.8,24.9,14.2,7.4,4.8,4.0,20.5,19.7,110.3,NOP,21-22
1610612752,New York Knicks,82,37,45,0.451,48.2,37.7,86.2,0.437,13.2,36.9,0.357,18.0,24.1,0.744,11.5,34.6,46.1,21.9,13.3,7.0,4.9,4.6,20.4,20.4,106.5,-0.1,109.7,110.2,-0.4,0.581,1.65,16.4,0.291,0.74,0.512,0.137,0.513,0.55,96.42,80.35,7958,0.491,38.5,86.0,0.447,12.7,37.0,0.342,17.0,22.3,0.764,9.3,34.3,43.6,24.2,12.7,7.0,4.6,4.9,20.4,20.4,106.6,NYK,21-22
1610612760,Oklahoma City Thunder,82,24,58,0.293,48.3,38.3,89.1,0.43,12.1,37.4,0.323,15.0,19.9,0.756,10.4,35.2,45.6,22.2,14.0,7.6,4.6,6.0,18.3,17.8,103.7,-8.1,103.8,111.7,-8.0,0.58,1.59,16.4,0.256,0.727,0.487,0.14,0.497,0.53,99.39,82.83,8198,0.451,41.4,90.5,0.458,13.6,38.7,0.353,15.3,19.9,0.771,11.0,37.3,48.4,26.1,13.2,8.5,6.0,4.6,17.8,18.3,111.8,OKC,21-22
1610612753,Orlando Magic,82,22,60,0.268,48.2,38.3,88.3,0.434,12.2,36.9,0.331,15.5,19.7,0.787,9.1,35.2,44.3,23.7,14.5,6.8,4.5,5.2,19.7,18.3,104.2,-8.0,103.9,112.1,-8.1,0.62,1.64,17.4,0.249,0.735,0.49,0.144,0.503,0.538,99.71,83.09,8223,0.458,40.8,89.0,0.458,13.2,36.3,0.363,17.4,22.6,0.772,10.4,36.8,47.1,24.8,13.2,8.0,5.2,4.5,18.3,19.7,112.2,ORL,21-22
1610612755,Philadelphia 76ers,82,51,31,0.622,48.3,39.4,84.5,0.466,11.6,31.8,0.364,19.6,23.8,0.821,8.5,33.8,42.3,23.7,12.5,7.7,5.3,4.6,19.4,19.4,109.9,2.6,113.0,110.2,2.8,0.602,1.89,17.9,0.246,0.724,0.49,0.129,0.534,0.578,96.71,80.59,7975,0.517,39.7,86.5,0.458,11.4,32.8,0.346,16.6,21.6,0.769,10.2,34.0,44.2,23.6,13.3,6.6,4.6,5.3,19.4,19.4,107.3,PHI,21-22
1610612756,Phoenix Suns,82,64,18,0.78,48.1,43.7,90.1,0.485,11.6,31.9,0.364,15.9,19.9,0.797,9.8,35.5,45.3,27.4,12.9,8.6,4.4,4.0,19.9,18.9,114.8,7.5,114.2,106.8,7.5,0.627,2.12,19.5,0.264,0.728,0.503,0.129,0.549,0.581,100.26,83.55,8242,0.548,39.2,88.3,0.444,11.6,34.2,0.34,17.3,22.7,0.761,10.5,33.9,44.5,22.9,14.7,7.5,4.0,4.4,18.9,19.9,107.3,PHO,21-22
1610612757,Portland Trail Blazers,82,27,55,0.329,48.1,38.5,87.1,0.442,12.7,36.8,0.346,16.4,21.6,0.76,10.4,32.5,42.9,22.9,14.5,8.0,4.5,5.0,21.1,19.4,106.2,-8.9,107.3,116.3,-9.1,0.595,1.58,17.0,0.268,0.721,0.487,0.146,0.515,0.55,98.74,82.28,8120,0.447,41.1,85.9,0.479,13.8,37.1,0.371,19.1,24.6,0.777,9.8,35.0,44.7,26.6,14.0,8.2,5.0,4.5,19.4,21.1,115.1,POR,21-22
1610612758,Sacramento Kings,82,30,52,0.366,48.3,40.5,88.1,0.46,11.4,33.2,0.344,17.9,23.3,0.768,9.6,33.4,42.9,23.7,14.1,7.2,4.5,4.8,18.9,20.3,110.3,-5.5,109.6,114.8,-5.2,0.585,1.68,17.3,0.259,0.714,0.484,0.14,0.525,0.561,100.1,83.41,8252,0.473,43.4,90.6,0.479,13.0,34.9,0.372,15.9,20.5,0.776,10.6,35.3,45.8,25.3,13.5,8.1,4.8,4.5,20.3,18.9,115.8,SAC,21-22
1610612759,San Antonio Spurs,82,34,48,0.415,48.3,43.2,92.7,0.467,11.3,32.0,0.352,15.4,20.4,0.754,11.0,34.3,45.3,27.9,12.7,7.6,4.9,4.9,18.1,18.9,113.2,0.1,111.9,111.7,0.2,0.646,2.19,19.5,0.281,0.711,0.494,0.126,0.527,0.556,100.51,83.76,8290,0.51,42.5,91.2,0.466,12.1,33.6,0.36,16.0,20.9,0.767,11.4,35.4,46.8,24.0,13.8,7.3,4.9,4.9,18.9,18.1,113.0,SAS,21-22
1610612761,Toronto Raptors,82,48,34,0.585,48.4,40.6,91.3,0.445,11.9,34.2,0.349,16.2,21.3,0.759,13.4,32.0,45.3,22.1,12.5,9.0,4.6,5.1,19.6,19.1,109.4,2.3,112.1,109.9,2.2,0.543,1.77,16.1,0.325,0.714,0.508,0.128,0.51,0.543,96.63,80.53,8000,0.494,39.0,84.4,0.462,12.4,34.9,0.354,16.8,21.2,0.789,10.3,33.7,44.0,25.3,15.8,6.7,5.1,4.6,19.1,19.6,107.1,TOR,21-22
1610612762,Utah Jazz,82,49,33,0.598,48.1,40.6,86.2,0.471,14.5,40.3,0.36,17.9,23.4,0.767,10.8,35.6,46.3,22.4,14.0,7.2,4.9,4.3,18.9,20.3,113.6,6.0,116.2,110.0,6.2,0.552,1.6,16.7,0.3,0.738,0.525,0.143,0.555,0.589,97.5,81.25,8014,0.528,40.4,89.2,0.453,12.1,34.6,0.35,14.6,19.3,0.758,9.9,31.7,41.6,23.4,12.0,7.8,4.3,4.9,20.3,18.9,107.6,UTA,21-22
1610612764,Washington Wizards,82,35,47,0.427,48.4,40.6,86.0,0.472,10.5,30.6,0.342,17.0,21.7,0.783,9.0,34.1,43.1,25.0,13.1,6.4,5.0,4.2,18.8,19.9,108.6,-3.4,110.2,113.6,-3.4,0.617,1.91,18.5,0.247,0.731,0.494,0.133,0.532,0.568,97.8,81.5,8079,0.496,41.3,88.9,0.464,11.5,31.8,0.361,18.0,22.3,0.807,10.2,34.0,44.2,23.7,11.9,7.3,4.2,5.0,19.9,18.8,112.0,WAS,21-22
1610612737,Atlanta Hawks,82,41,41,0.5,48.4,44.6,92.4,0.483,10.8,30.5,0.352,18.5,22.6,0.818,11.2,33.2,44.4,25.0,12.9,7.1,4.9,5.0,18.8,19.7,118.4,0.3,115.5,115.4,0.1,0.56,1.93,17.6,0.289,0.717,0.5,0.126,0.541,0.579,101.56,84.63,8407,0.5,43.8,90.2,0.486,11.9,33.5,0.356,18.6,23.2,0.803,10.6,33.5,44.1,26.0,14.2,7.5,5.0,4.9,19.7,18.8,118.1,ATL,22-23
1610612738,Boston Celtics,82,57,25,0.695,48.7,42.2,88.8,0.475,16.0,42.6,0.377,17.5,21.6,0.812,9.7,35.6,45.3,26.7,13.4,6.4,5.2,3.9,18.8,19.1,117.9,6.5,117.3,110.6,6.7,0.632,2.0,19.1,0.255,0.746,0.506,0.133,0.566,0.6,99.15,82.63,8247,0.534,41.8,90.2,0.463,11.6,33.7,0.345,16.2,21.1,0.769,9.7,34.3,44.0,23.1,12.7,6.6,3.9,5.2,19.1,18.8,111.4,BOS,22-23
1610612751,Brooklyn Nets,82,45,37,0.549,48.1,41.5,85.1,0.487,12.8,33.8,0.378,17.7,22.1,0.8,8.2,32.3,40.5,25.5,13.7,7.1,6.2,3.9,21.1,18.5,113.4,0.9,114.6,113.5,1.1,0.616,1.86,18.9,0.234,0.689,0.472,0.139,0.562,0.598,98.77,82.31,8111,0.51,41.0,88.5,0.463,11.8,32.2,0.367,18.7,24.4,0.767,11.5,33.6,45.1,23.4,13.7,7.0,3.9,6.2,18.5,21.1,112.5,BRK,22-23
1610612766,Charlotte Hornets,82,27,55,0.329,48.4,41.3,90.4,0.457,10.7,32.5,0.33,17.6,23.6,0.749,11.0,33.5,44.5,25.1,14.2,7.7,5.2,5.7,20.3,20.3,111.0,-6.2,108.4,114.7,-6.3,0.609,1.77,17.8,0.276,0.717,0.491,0.139,0.516,0.551,101.47,84.56,8390,0.473,43.0,90.1,0.477,12.2,34.3,0.357,19.0,24.0,0.795,10.9,35.3,46.2,25.9,14.4,7.0,5.7,5.2,20.3,20.3,117.2,CHO,22-23
1610612741,Chicago Bulls,82,40,42,0.488,48.5,42.5,86.8,0.49,10.4,28.9,0.361,17.6,21.8,0.809,8.5,33.9,42.4,24.5,13.4,7.9,4.5,4.7,18.9,18.7,113.1,1.3,112.8,111.5,1.3,0.575,1.83,18.1,0.236,0.736,0.493,0.133,0.55,0.587,99.18,82.65,8225,0.512,40.7,87.1,0.468,13.2,37.1,0.357,17.1,22.0,0.779,9.6,33.7,43.3,26.0,15.0,6.7,4.7,4.5,18.7,18.9,111.8,CHI,22-23
1610612739,Cleveland Cavaliers,82,51,31,0.622,48.5,41.6,85.2,0.488,11.6,31.6,0.367,17.5,22.5,0.78,9.7,31.4,41.1,24.9,13.3,7.1,4.7,4.4,19.0,20.4,112.3,5.4,115.5,109.9,5.6,0.6,1.87,18.6,0.273,0.715,0.496,0.137,0.556,0.59,96.27,80.23,7972,0.531,39.0,83.5,0.468,11.3,30.6,0.368,17.5,22.4,0.782,9.8,31.5,41.2,23.0,15.7,7.0,4.4,4.7,20.4,19.0,106.9,CLE,22-23
1610612742,Dallas Mavericks,82,38,44,0.463,48.6,40.0,84.3,0.475,15.2,41.0,0.371,19.0,25.1,0.755,7.6,31.2,38.8,22.9,12.2,6.3,3.7,3.8,20.7,21.8,114.2,0.1,115.9,116.1,-0.2,0.573,1.88,17.4,0.226,0.717,0.471,0.124,0.565,0.599,97.21,81.01,8082,0.487,41.8,86.2,0.485,11.1,31.7,0.352,19.5,25.0,0.781,10.1,34.6,44.7,24.9,13.1,6.4,3.8,3.7,21.8,20.7,114.1,DAL,22-23
1610612743,Denver Nuggets,82,53,29,0.646,48.2,43.6,86.4,0.504,11.8,31.2,0.379,16.8,22.4,0.751,10.1,32.9,43.0,28.9,14.5,7.5,4.5,4.2,18.6,19.5,115.8,3.3,116.8,113.5,3.3,0.663,1.99,20.5,0.289,0.727,0.514,0.147,0.573,0.601,98.74,82.28,8129,0.525,41.7,87.4,0.478,11.4,33.1,0.344,17.6,22.7,0.775,10.1,30.7,40.8,25.7,13.5,7.9,4.2,4.5,19.5,18.6,112.5,DEN,22-23
1610612765,Detroit Pistons,82,17,65,0.207,48.3,39.6,87.1,0.454,11.4,32.4,0.351,19.8,25.7,0.771,11.2,31.3,42.4,23.0,15.1,7.0,3.8,5.5,22.1,21.0,110.3,-8.2,109.9,117.8,-7.9,0.581,1.52,16.7,0.292,0.702,0.491,0.15,0.52,0.561,99.88,83.23,8231,0.449,43.1,88.1,0.489,12.0,33.3,0.36,20.4,26.2,0.777,11.0,33.7,44.7,25.8,13.5,7.7,5.5,3.8,21.0,22.1,118.5,DET,22-23
1610612744,Golden State Warriors,82,44,38,0.537,48.4,43.1,90.2,0.479,16.6,43.2,0.385,16.0,20.2,0.794,10.5,34.1,44.6,29.8,16.3,7.2,4.0,4.0,21.4,18.4,118.9,1.8,115.1,113.4,1.7,0.691,1.83,20.4,0.277,0.719,0.502,0.158,0.571,0.6,102.54,85.45,8472,0.51,42.4,90.5,0.468,12.9,35.5,0.364,19.4,25.2,0.769,10.7,32.6,43.3,25.7,14.3,7.9,4.0,4.0,18.4,21.4,117.1,GSW,22-23
1610612745,Houston Rockets,82,22,60,0.268,48.2,40.6,88.9,0.457,10.4,31.9,0.327,19.1,25.3,0.754,13.4,32.9,46.3,22.4,16.2,7.3,4.6,6.2,20.5,20.6,110.7,-7.9,110.5,118.6,-8.1,0.551,1.38,16.0,0.344,0.729,0.53,0.162,0.516,0.554,99.74,83.11,8220,0.457,42.4,88.1,0.482,14.5,38.8,0.374,19.2,24.2,0.794,10.5,31.0,41.5,26.1,13.2,8.8,6.2,4.6,20.6,20.5,118.6,HOU,22-23
1610612754,Indiana Pacers,82,35,47,0.427,48.2,42.0,89.6,0.469,13.6,37.0,0.367,18.7,23.7,0.79,10.1,31.4,41.5,27.0,14.9,7.7,5.8,5.3,21.2,20.2,116.3,-3.2,113.8,117.1,-3.3,0.643,1.81,18.9,0.285,0.685,0.482,0.146,0.545,0.581,101.68,84.73,8377,0.482,43.3,89.3,0.485,12.4,33.3,0.373,20.5,25.6,0.8,12.1,33.2,45.3,26.4,15.1,7.9,5.3,5.8,20.2,21.2,119.5,IND,22-23
1610612746,LA Clippers,82,44,38,0.537,48.4,41.1,86.1,0.477,12.7,33.3,0.381,18.7,23.9,0.781,9.8,33.4,43.2,23.9,14.2,7.1,4.4,4.2,19.5,19.6,113.6,0.5,114.0,113.6,0.5,0.581,1.68,17.5,0.273,0.731,0.505,0.143,0.551,0.588,98.84,82.37,8168,0.498,41.8,88.3,0.474,12.2,33.4,0.365,17.2,22.3,0.771,10.2,32.9,43.1,25.0,13.0,7.8,4.2,4.4,19.6,19.5,113.1,LAC,22-23
1610612747,Los Angeles Lakers,82,43,39,0.524,48.5,42.9,89.0,0.482,10.8,31.2,0.346,20.6,26.6,0.775,10.0,35.7,45.7,25.3,14.1,6.4,4.6,5.1,17.9,21.5,117.2,0.6,113.9,113.2,0.7,0.589,1.8,17.9,0.269,0.727,0.505,0.137,0.542,0.582,101.92,84.93,8436,0.511,44.0,93.9,0.469,12.5,36.5,0.344,16.1,20.8,0.773,11.1,33.8,44.9,25.7,12.6,7.6,5.1,4.6,21.5,17.9,116.6,LAL,22-23
1610612763,Memphis Grizzlies,82,51,31,0.622,48.2,43.7,92.1,0.475,12.0,34.2,0.351,17.5,23.8,0.733,12.0,34.6,46.6,26.0,13.6,8.3,5.8,5.2,20.0,20.0,116.9,3.9,114.7,110.7,4.0,0.596,1.91,18.2,0.302,0.711,0.507,0.133,0.54,0.57,101.5,84.58,8360,0.519,40.7,89.8,0.453,13.0,36.6,0.355,18.5,23.5,0.787,11.0,33.4,44.4,26.4,15.1,6.8,5.2,5.8,20.0,20.0,113.0,MEM,22-23
1610612748,Miami Heat,82,44,38,0.537,48.3,39.2,85.3,0.46,12.0,34.8,0.344,19.1,23.0,0.831,9.7,30.9,40.6,23.8,13.5,8.0,3.0,3.8,18.5,20.0,109.5,-0.3,112.3,112.8,-0.5,0.608,1.77,17.8,0.274,0.733,0.498,0.138,0.53,0.574,96.76,80.63,7991,0.496,40.1,83.2,0.482,13.1,35.8,0.367,16.5,21.1,0.781,8.9,33.0,41.8,25.6,15.7,7.0,3.8,3.0,20.0,18.5,109.8,MIA,22-23
1610612749,Milwaukee Bucks,82,58,24,0.707,48.4,42.7,90.4,0.473,14.8,40.3,0.368,16.6,22.4,0.743,11.1,37.5,48.6,25.8,14.6,6.4,4.9,3.9,18.1,19.0,116.9,3.6,114.3,110.9,3.4,0.604,1.76,18.1,0.284,0.745,0.521,0.143,0.555,0.583,101.45,84.54,8389,0.523,42.5,93.2,0.456,12.1,34.1,0.354,16.3,21.0,0.776,10.7,33.5,44.2,23.9,11.8,7.0,3.9,4.9,19.0,18.1,113.3,MIL,22-23
1610612750,Minnesota Timberwolves,82,42,40,0.512,48.4,42.9,87.4,0.49,12.2,33.3,0.365,17.9,23.7,0.755,9.1,32.8,41.9,26.2,15.3,8.0,5.4,4.1,21.6,20.2,115.8,0.0,113.3,113.1,0.2,0.61,1.71,18.6,0.258,0.703,0.485,0.15,0.56,0.592,101.55,84.62,8383,0.503,41.8,88.7,0.471,12.3,33.3,0.369,19.9,26.0,0.766,11.3,33.3,44.7,25.0,15.4,8.2,4.1,5.4,20.2,21.6,115.8,MIN,22-23
1610612740,New Orleans Pelicans,82,42,40,0.512,48.4,42.0,87.6,0.48,11.0,30.1,0.364,19.3,24.4,0.793,10.6,33.1,43.7,25.9,14.6,8.3,4.1,4.7,20.5,20.4,114.4,1.9,113.8,112.0,1.9,0.616,1.77,18.5,0.29,0.732,0.512,0.145,0.543,0.582,99.58,82.98,8239,0.514,40.9,86.6,0.472,12.2,36.0,0.339,18.4,23.6,0.779,9.7,32.1,41.8,24.9,15.0,7.3,4.7,4.1,20.4,20.5,112.5,NOP,22-23
1610612752,New York Knicks,82,47,35,0.573,48.7,42.0,89.4,0.47,12.6,35.7,0.354,19.4,25.5,0.761,12.6,34.0,46.6,22.9,13.0,6.4,4.1,4.5,20.3,20.7,116.0,2.9,117.0,114.2,2.8,0.546,1.77,16.6,0.318,0.727,0.521,0.131,0.541,0.577,97.75,81.46,8134,0.509,40.8,88.2,0.462,13.0,36.5,0.357,18.5,23.7,0.782,10.1,31.9,42.0,25.1,12.7,6.0,4.5,4.1,20.7,20.3,113.1,NYK,22-23
1610612760,Oklahoma City Thunder,82,40,42,0.488,48.4,43.1,92.6,0.465,12.1,34.1,0.356,19.2,23.7,0.809,11.4,32.3,43.7,24.4,13.0,8.2,4.2,5.5,21.0,20.4,117.5,1.1,114.2,113.2,1.0,0.567,1.87,17.2,0.289,0.693,0.487,0.127,0.531,0.57,101.94,84.95,8435,0.498,41.9,88.4,0.474,12.9,36.0,0.358,19.6,25.5,0.771,12.0,34.6,46.6,25.9,16.8,7.0,5.5,4.2,20.4,21.0,116.4,OKC,22-23
1610612753,Orlando Magic,82,34,48,0.415,48.2,40.5,86.3,0.47,10.8,31.1,0.346,19.6,25.0,0.784,10.2,33.1,43.2,23.2,15.1,7.4,4.7,5.1,20.1,20.5,111.4,-2.6,111.3,113.7,-2.3,0.574,1.54,17.0,0.281,0.73,0.505,0.151,0.532,0.573,99.66,83.05,8205,0.485,41.3,86.9,0.476,13.0,37.0,0.351,18.3,23.0,0.796,9.5,32.5,42.0,25.9,14.7,7.7,5.1,4.7,20.5,20.1,114.0,ORL,22-23
1610612755,Philadelphia 76ers,82,54,28,0.659,48.5,40.8,83.8,0.487,12.6,32.6,0.387,21.0,25.1,0.835,8.7,32.2,40.9,25.2,13.7,7.7,4.7,4.6,20.4,19.6,115.2,4.3,117.0,112.7,4.4,0.616,1.84,18.6,0.258,0.721,0.496,0.139,0.563,0.608,97.44,81.2,8072,0.524,40.4,85.4,0.473,11.6,33.4,0.348,18.5,23.7,0.781,9.5,31.6,41.2,24.2,14.3,6.6,4.6,4.7,19.6,20.4,110.9,PHI,22-23
1610612756,Phoenix Suns,82,45,37,0.549,48.2,42.1,90.1,0.467,12.2,32.6,0.374,17.2,21.7,0.793,11.8,32.4,44.2,27.3,13.5,7.1,5.3,4.0,21.2,19.9,113.6,2.1,114.5,112.3,2.2,0.647,2.01,19.3,0.307,0.714,0.508,0.136,0.535,0.57,98.83,82.36,8141,0.514,40.0,85.9,0.466,11.4,32.0,0.357,20.1,25.6,0.786,10.2,32.6,42.9,23.4,14.4,7.2,4.0,5.3,19.9,21.2,111.6,PHO,22-23
1610612757,Portland Trail Blazers,82,33,49,0.402,48.1,40.5,85.4,0.474,12.9,35.3,0.365,19.6,24.6,0.796,9.4,31.1,40.5,24.2,14.5,6.7,4.6,4.3,20.0,20.5,113.4,-4.0,114.0,118.0,-4.0,0.597,1.67,17.8,0.264,0.709,0.486,0.145,0.549,0.589,99.25,82.71,8157,0.474,43.0,87.5,0.491,12.5,33.1,0.379,19.0,24.1,0.787,10.5,32.8,43.2,27.0,13.5,7.8,4.3,4.6,20.5,20.0,117.4,POR,22-23
1610612758,Sacramento Kings,82,48,34,0.585,48.4,43.6,88.2,0.494,13.8,37.3,0.369,19.8,25.1,0.79,9.5,32.9,42.5,27.3,13.5,7.0,3.4,4.2,19.7,20.9,120.7,2.6,118.6,116.0,2.6,0.626,2.02,19.3,0.265,0.731,0.499,0.133,0.572,0.608,100.99,84.16,8343,0.511,43.8,88.9,0.492,12.5,33.4,0.373,18.1,23.0,0.787,9.7,32.5,42.2,26.7,14.2,7.3,4.2,3.4,20.9,19.7,118.1,SAC,22-23
1610612759,San Antonio Spurs,82,22,60,0.268,48.4,43.1,92.6,0.465,11.1,32.2,0.345,15.8,21.2,0.743,11.8,31.9,43.7,27.2,15.3,7.0,3.9,5.3,19.9,18.5,113.0,-10.0,109.7,119.6,-9.9,0.632,1.78,18.7,0.299,0.709,0.495,0.148,0.525,0.554,102.07,85.06,8451,0.452,46.1,91.0,0.507,12.6,32.3,0.391,18.2,23.7,0.77,10.7,34.3,45.0,26.8,13.8,8.1,5.3,3.9,18.5,19.9,123.1,SAS,22-23
1610612761,Toronto Raptors,82,41,41,0.5,48.3,41.9,91.3,0.459,10.7,32.0,0.335,18.4,23.4,0.784,12.7,30.3,43.0,23.9,11.7,9.4,5.2,4.6,20.0,19.6,112.9,1.5,114.6,113.1,1.5,0.571,2.05,17.2,0.316,0.721,0.502,0.118,0.517,0.555,97.85,81.54,8076,0.496,40.4,82.3,0.491,12.2,32.6,0.374,18.4,23.1,0.797,9.2,33.0,42.3,26.2,16.7,6.0,4.6,5.2,19.6,20.0,111.4,TOR,22-23
1610612762,Utah Jazz,82,37,45,0.451,48.3,42.5,89.8,0.473,13.3,37.8,0.353,18.7,23.8,0.786,11.8,34.1,45.9,26.0,15.4,6.1,5.2,4.9,20.5,20.5,117.1,-0.9,115.3,116.0,-0.7,0.611,1.69,18.2,0.308,0.711,0.512,0.151,0.547,0.584,101.02,84.18,8329,0.498,43.4,91.6,0.473,12.5,34.5,0.361,18.8,24.3,0.776,11.2,32.2,43.5,25.0,12.6,7.8,4.9,5.2,20.5,20.5,118.0,UTA,22-23
1610612764,Washington Wizards,82,35,47,0.427,48.2,42.1,86.9,0.485,11.3,31.7,0.356,17.6,22.4,0.785,9.4,34.2,43.6,25.4,14.1,6.8,5.2,5.0,18.8,19.4,113.2,-1.2,113.7,114.9,-1.2,0.603,1.8,18.5,0.273,0.724,0.505,0.142,0.55,0.585,99.16,82.63,8161,0.504,42.5,89.8,0.473,12.0,32.8,0.366,17.5,21.9,0.798,10.8,32.3,43.0,24.8,12.3,7.1,5.0,5.2,19.4,18.8,114.4,WAS,22-23
1610612737,Atlanta Hawks,82,36,46,0.439,48.4,43.0,92.5,0.465,13.7,37.7,0.364,18.5,23.2,0.797,12.5,32.2,44.7,26.6,13.5,7.5,4.5,5.6,18.6,19.4,118.3,-2.2,116.4,118.4,-2.0,0.618,1.96,18.4,0.308,0.717,0.504,0.133,0.539,0.576,100.84,84.03,8339,0.482,44.6,90.2,0.495,14.0,36.4,0.384,17.3,21.8,0.792,10.6,33.6,44.2,28.2,14.1,7.8,5.6,4.5,19.4,18.6,120.5,ATL,23-24
1610612738,Boston Celtics,82,64,18,0.78,48.4,43.9,90.2,0.487,16.5,42.5,0.388,16.3,20.2,0.807,10.7,35.6,46.3,26.9,11.9,6.8,6.6,3.7,16.2,17.3,120.6,11.3,122.2,110.6,11.7,0.613,2.25,19.3,0.287,0.726,0.515,0.121,0.578,0.609,97.98,81.65,8090,0.555,41.5,91.6,0.453,12.9,36.7,0.352,13.3,17.3,0.768,11.1,32.3,43.3,24.9,12.0,6.2,3.7,6.6,17.3,16.2,109.2,BOS,23-24
1610612751,Brooklyn Nets,82,32,50,0.39,48.3,40.7,89.1,0.456,13.3,36.7,0.362,15.8,20.9,0.756,11.4,32.6,44.1,25.6,13.1,6.8,5.2,5.0,18.5,18.2,110.4,-2.9,112.4,115.4,-2.9,0.63,1.95,18.6,0.289,0.715,0.497,0.134,0.531,0.561,97.56,81.3,8050,0.483,41.6,88.5,0.47,13.0,34.9,0.372,17.1,21.2,0.807,10.3,34.0,44.3,25.5,12.6,6.9,5.0,5.2,18.2,18.5,113.3,BRK,23-24
1610612766,Charlotte Hornets,82,21,61,0.256,48.1,40.0,87.0,0.46,12.1,34.0,0.355,14.5,18.4,0.786,9.3,31.0,40.3,24.8,13.8,6.9,4.5,4.8,18.0,17.5,106.6,-10.2,108.6,119.2,-10.6,0.62,1.8,18.4,0.253,0.709,0.475,0.14,0.529,0.56,97.81,81.51,8047,0.447,43.4,87.7,0.494,13.6,36.2,0.377,16.5,20.7,0.796,10.6,34.8,45.4,28.7,13.6,7.1,4.8,4.5,17.5,18.0,116.8,CHO,23-24
1610612741,Chicago Bulls,82,39,43,0.476,48.7,42.0,89.5,0.47,11.5,32.1,0.358,16.7,21.1,0.791,11.2,32.6,43.8,25.0,12.2,7.8,4.8,4.9,18.8,18.8,112.3,-1.4,114.0,115.7,-1.7,0.594,2.04,18.2,0.291,0.717,0.501,0.124,0.534,0.568,96.94,80.78,8078,0.493,41.1,87.0,0.473,14.6,39.5,0.37,16.9,21.8,0.776,10.1,33.3,43.4,27.9,14.0,6.8,4.9,4.8,18.8,18.8,113.7,CHI,23-24
1610612739,Cleveland Cavaliers,82,48,34,0.585,48.3,41.8,87.2,0.479,13.5,36.8,0.367,15.6,20.4,0.765,9.8,33.4,43.3,28.0,13.6,7.4,4.6,5.0,17.5,18.7,112.6,2.4,114.7,112.1,2.5,0.671,2.07,20.2,0.274,0.721,0.501,0.138,0.557,0.586,97.62,81.35,8053,0.519,40.5,87.5,0.463,12.5,33.8,0.371,16.6,21.0,0.791,10.0,32.6,42.7,25.3,13.6,7.7,5.0,4.6,18.7,17.5,110.2,CLE,23-24
1610612742,Dallas Mavericks,82,50,32,0.61,48.1,43.1,89.7,0.481,14.6,39.5,0.369,17.0,22.5,0.758,9.7,33.2,42.9,25.7,12.5,6.9,5.0,4.0,18.3,20.3,117.9,2.2,117.0,114.9,2.1,0.596,2.05,18.5,0.257,0.711,0.485,0.124,0.562,0.592,100.6,83.83,8263,0.506,43.0,90.4,0.475,13.1,35.6,0.368,16.6,21.6,0.77,10.9,34.1,45.1,27.5,13.7,7.4,4.0,5.0,20.3,18.3,115.6,DAL,23-24
1610612743,Denver Nuggets,82,57,25,0.695,48.1,44.0,88.8,0.496,11.7,31.2,0.374,15.1,19.9,0.762,10.7,33.7,44.4,29.5,12.6,7.1,5.6,4.8,18.2,17.9,114.9,5.3,117.8,112.3,5.5,0.669,2.33,20.9,0.3,0.718,0.515,0.13,0.562,0.589,97.43,81.19,7996,0.533,40.6,87.9,0.462,11.2,31.5,0.355,17.1,22.2,0.772,10.9,31.4,42.3,25.7,12.4,7.0,4.8,5.6,17.9,18.2,109.6,DEN,23-24
1610612765,Detroit Pistons,82,14,68,0.171,48.2,40.9,88.2,0.463,11.0,31.7,0.348,17.0,21.7,0.785,10.5,32.8,43.3,25.5,15.2,6.5,4.7,6.0,20.6,17.8,109.9,-9.1,109.0,118.0,-9.0,0.623,1.67,18.2,0.277,0.73,0.499,0.151,0.526,0.562,100.45,83.71,8269,0.449,43.6,89.0,0.49,12.1,32.7,0.37,19.6,24.5,0.8,9.6,33.5,43.1,27.0,12.4,8.9,6.0,4.7,17.8,20.6,119.0,DET,23-24
1610612744,Golden State Warriors,82,46,36,0.561,48.4,43.7,91.6,0.477,14.8,38.9,0.38,15.6,20.0,0.78,12.1,34.6,46.7,29.3,14.3,7.0,4.6,5.0,19.5,17.9,117.8,2.6,116.9,114.5,2.4,0.671,2.05,20.1,0.315,0.725,0.521,0.142,0.557,0.586,99.91,83.26,8261,0.512,42.1,90.4,0.466,13.3,37.0,0.359,17.7,22.4,0.788,10.9,32.0,42.9,26.7,13.0,7.7,5.0,4.6,17.9,19.5,115.2,GSW,23-24
1610612745,Houston Rockets,82,41,41,0.5,48.4,41.8,91.0,0.459,12.7,36.1,0.352,18.1,23.4,0.773,11.5,34.0,45.5,24.8,12.7,7.8,4.6,5.9,20.8,19.6,114.3,1.1,113.7,112.8,0.9,0.594,1.95,17.7,0.294,0.722,0.504,0.127,0.529,0.565,99.59,82.99,8248,0.501,40.8,88.1,0.463,12.3,35.4,0.348,19.3,25.2,0.767,10.7,34.2,44.9,24.4,13.8,7.3,5.9,4.6,19.6,20.8,113.2,HOU,23-24
1610612754,Indiana Pacers,82,47,35,0.573,48.1,47.0,92.7,0.507,13.2,35.3,0.374,16.1,20.5,0.782,10.1,31.4,41.5,30.8,12.9,7.7,5.9,5.4,21.4,18.3,123.3,3.0,120.5,117.6,2.9,0.654,2.38,21.0,0.284,0.7,0.492,0.126,0.578,0.606,102.16,85.13,8389,0.517,44.5,89.8,0.496,10.7,29.3,0.365,20.5,26.0,0.787,11.0,32.4,43.4,24.6,13.9,6.6,5.4,5.9,18.3,21.4,120.2,IND,23-24
1610612746,LA Clippers,82,51,31,0.622,48.1,42.4,86.7,0.489,12.6,33.2,0.381,18.3,22.2,0.825,10.0,32.9,43.0,25.6,13.1,7.8,5.0,4.7,18.5,18.7,115.6,3.3,117.9,114.6,3.4,0.604,1.95,18.7,0.283,0.705,0.502,0.134,0.561,0.599,97.93,81.61,8040,0.52,41.6,88.9,0.468,12.9,35.4,0.363,16.2,21.0,0.775,11.1,31.1,42.2,26.4,13.0,7.3,4.7,5.0,18.7,18.5,112.3,LAC,23-24
1610612747,Los Angeles Lakers,82,47,35,0.573,48.4,43.7,87.5,0.499,11.8,31.4,0.377,18.9,24.2,0.782,8.2,34.9,43.1,28.5,14.0,7.4,5.5,4.8,15.6,19.7,118.0,0.6,115.4,114.8,0.6,0.654,2.04,20.1,0.244,0.725,0.496,0.137,0.566,0.601,101.38,84.48,8387,0.518,44.4,93.7,0.474,14.3,37.9,0.376,14.3,18.0,0.795,10.9,33.2,44.0,28.2,13.4,8.2,4.8,5.5,19.7,15.6,117.4,LAL,23-24
1610612763,Memphis Grizzlies,82,27,55,0.329,48.2,38.4,88.2,0.435,13.1,37.8,0.346,16.0,21.0,0.764,10.9,31.7,42.6,24.7,15.1,8.2,6.1,6.5,19.1,18.8,105.8,-7.0,106.8,113.7,-6.9,0.644,1.64,17.9,0.287,0.706,0.488,0.152,0.509,0.543,98.68,82.23,8128,0.458,41.2,86.9,0.474,13.4,35.4,0.378,17.0,21.8,0.779,10.7,35.0,45.6,26.6,15.1,8.1,6.5,6.1,18.8,19.1,112.8,MEM,23-24
1610612748,Miami Heat,82,46,36,0.561,48.2,39.8,85.6,0.465,12.5,33.7,0.37,18.0,22.0,0.818,9.3,33.0,42.3,25.8,12.7,7.5,3.4,4.7,17.3,18.9,110.1,1.8,113.3,111.5,1.8,0.648,2.04,19.1,0.261,0.734,0.498,0.13,0.538,0.578,96.88,80.73,7975,0.509,40.2,86.0,0.467,13.0,36.8,0.353,15.0,19.2,0.78,9.2,33.5,42.8,26.5,13.7,6.6,4.7,3.4,18.9,17.3,108.4,MIA,23-24
1610612749,Milwaukee Bucks,82,49,33,0.598,48.3,43.1,88.5,0.487,14.2,38.1,0.373,18.5,23.9,0.774,9.4,34.8,44.2,26.5,12.9,6.8,5.0,4.2,19.2,19.2,119.0,2.6,117.6,115.0,2.6,0.615,2.05,19.0,0.255,0.731,0.499,0.128,0.568,0.601,100.51,83.76,8295,0.511,43.2,91.9,0.47,12.6,35.3,0.356,17.4,21.5,0.807,10.3,33.7,44.0,26.5,12.0,7.1,4.2,5.0,19.2,19.2,116.4,MIL,23-24
1610612750,Minnesota Timberwolves,82,56,26,0.683,48.3,41.3,85.0,0.485,12.6,32.7,0.387,17.8,22.9,0.777,9.4,34.2,43.6,26.6,14.2,7.9,6.1,4.5,18.8,19.9,113.0,6.5,114.6,108.4,6.3,0.646,1.88,19.3,0.275,0.725,0.508,0.144,0.559,0.594,97.79,81.49,8081,0.543,39.0,86.8,0.45,11.4,32.3,0.354,17.1,21.9,0.781,10.3,31.2,41.4,24.5,14.2,7.5,4.5,6.1,19.9,18.8,106.5,MIN,23-24
1610612740,New Orleans Pelicans,82,49,33,0.598,48.1,42.5,87.4,0.486,12.5,32.6,0.383,17.6,22.8,0.771,10.4,33.6,44.0,27.0,13.0,8.3,4.6,5.2,18.4,18.4,115.1,4.4,116.5,111.9,4.6,0.634,2.07,19.4,0.278,0.725,0.505,0.132,0.558,0.591,98.7,82.25,8101,0.524,40.5,87.3,0.464,13.5,38.7,0.349,16.2,20.7,0.783,10.1,32.2,42.3,26.8,14.2,6.5,5.2,4.6,18.4,18.4,110.7,NOP,23-24
1610612752,New York Knicks,82,50,32,0.61,48.1,41.3,88.7,0.465,13.2,35.8,0.369,17.0,21.8,0.78,12.7,32.5,45.2,24.4,13.2,7.5,4.1,5.3,17.6,19.1,112.8,4.6,117.3,112.4,4.9,0.59,1.84,17.8,0.333,0.729,0.527,0.138,0.54,0.574,95.96,79.97,7883,0.515,40.3,85.7,0.47,12.5,34.3,0.365,15.1,19.8,0.764,10.2,30.4,40.6,25.6,13.2,6.7,5.3,4.1,19.1,17.6,108.2,NYK,23-24
1610612760,Oklahoma City Thunder,82,57,25,0.695,48.3,44.5,89.3,0.499,13.3,34.2,0.389,17.7,21.5,0.825,8.8,33.2,42.0,27.1,12.7,8.5,6.6,5.1,18.8,18.9,120.1,7.4,118.3,111.0,7.3,0.609,2.14,19.4,0.25,0.698,0.484,0.125,0.573,0.608,100.85,84.04,8324,0.538,40.6,89.3,0.455,13.4,37.2,0.361,18.1,22.9,0.789,11.8,32.9,44.7,26.9,15.7,7.1,5.1,6.6,18.9,18.8,112.7,OKC,23-24
1610612753,Orlando Magic,82,47,35,0.573,48.2,40.5,84.9,0.476,11.0,31.3,0.352,18.5,24.4,0.759,10.5,31.8,42.3,24.7,14.7,8.2,5.2,4.6,19.7,20.9,110.5,2.0,112.9,110.8,2.2,0.61,1.68,18.1,0.297,0.737,0.515,0.15,0.541,0.577,97.37,81.14,8022,0.513,39.8,84.0,0.474,11.5,32.1,0.358,17.3,22.2,0.78,8.9,30.9,39.9,23.9,15.0,8.1,4.6,5.2,20.9,19.7,108.4,ORL,23-24
1610612755,Philadelphia 76ers,82,47,35,0.573,48.2,41.5,89.4,0.464,12.1,33.3,0.363,19.5,23.6,0.826,11.0,31.9,43.0,24.9,12.0,8.5,6.0,6.1,20.3,18.5,114.6,3.0,116.2,113.0,3.1,0.6,2.07,18.0,0.292,0.701,0.493,0.122,0.532,0.574,98.17,81.81,8090,0.506,40.5,86.6,0.468,11.9,33.7,0.354,18.6,23.5,0.791,11.0,33.4,44.5,26.1,14.6,6.2,6.1,6.0,18.5,20.3,111.5,PHI,23-24
1610612756,Phoenix Suns,82,49,33,0.598,48.2,42.5,86.1,0.493,12.4,32.6,0.382,18.9,23.4,0.808,10.1,33.9,44.1,27.0,14.9,7.4,6.0,4.5,18.0,19.7,116.2,3.1,116.8,113.7,3.1,0.637,1.82,19.4,0.292,0.714,0.514,0.15,0.565,0.603,99.0,82.5,8158,0.527,42.0,90.6,0.464,13.1,36.0,0.364,16.1,20.8,0.774,11.0,30.4,41.3,26.3,12.7,8.4,4.5,6.0,19.7,18.0,113.2,PHO,23-24
1610612757,Portland Trail Blazers,82,21,61,0.256,48.5,39.4,89.7,0.439,11.5,33.2,0.345,16.2,20.5,0.791,12.6,30.1,42.7,23.1,15.2,7.6,4.3,6.4,20.2,17.9,106.4,-9.0,107.6,116.6,-9.0,0.587,1.52,16.7,0.32,0.697,0.498,0.154,0.503,0.539,97.88,81.56,8103,0.434,42.5,86.6,0.491,11.7,33.3,0.351,18.7,23.6,0.792,10.6,33.2,43.8,27.1,14.3,8.9,6.4,4.3,17.9,20.2,115.4,POR,23-24
1610612758,Sacramento Kings,82,46,36,0.561,48.4,43.3,90.9,0.477,14.4,39.3,0.366,15.5,20.9,0.745,10.8,33.2,44.0,28.3,13.1,7.6,4.2,4.5,19.9,18.3,116.6,1.7,116.2,114.4,1.8,0.654,2.16,19.9,0.285,0.744,0.507,0.131,0.556,0.582,99.46,82.88,8226,0.5,41.6,86.8,0.48,13.1,33.8,0.387,18.5,23.1,0.8,9.1,33.4,42.5,26.9,13.9,7.4,4.5,4.2,18.3,19.9,114.8,SAC,23-24
1610612759,San Antonio Spurs,82,22,60,0.268,48.4,41.9,90.7,0.462,12.6,36.4,0.347,15.6,20.0,0.782,10.4,33.9,44.2,29.9,15.1,7.1,6.3,4.6,17.2,17.9,112.1,-6.5,109.3,115.6,-6.4,0.712,1.97,20.5,0.269,0.721,0.492,0.148,0.532,0.563,101.8,84.84,8413,0.48,44.9,92.3,0.487,12.7,34.0,0.373,16.0,20.5,0.784,10.5,34.8,45.3,28.0,13.4,8.9,4.6,6.3,17.9,17.2,118.6,SAS,23-24
1610612761,Toronto Raptors,82,25,57,0.305,48.3,42.3,89.7,0.471,11.5,33.1,0.347,16.3,21.6,0.756,10.9,31.8,42.7,28.5,14.0,7.7,4.7,5.8,18.4,18.1,112.4,-6.4,111.8,118.1,-6.3,0.674,2.04,19.9,0.281,0.694,0.484,0.139,0.535,0.566,99.91,83.26,8241,0.474,44.7,91.2,0.491,13.7,36.3,0.376,15.6,19.8,0.789,11.2,34.0,45.2,28.6,13.9,7.3,5.8,4.7,18.1,18.4,118.8,TOR,23-24
1610612762,Utah Jazz,82,31,51,0.378,48.3,42.0,89.9,0.467,12.9,36.5,0.354,18.8,22.6,0.83,12.2,33.2,45.5,27.2,15.7,6.5,5.6,6.4,18.6,19.2,115.7,-4.9,114.5,119.6,-5.1,0.648,1.74,18.9,0.325,0.717,0.521,0.155,0.539,0.579,100.26,83.55,8281,0.478,44.6,91.6,0.487,14.8,37.4,0.395,16.6,21.6,0.771,11.0,31.3,42.2,29.8,12.3,8.6,6.4,5.6,19.2,18.6,120.5,UTA,23-24
1610612764,Washington Wizards,82,15,67,0.183,48.1,43.0,91.4,0.47,12.4,35.5,0.348,15.4,20.2,0.764,9.2,31.9,41.1,27.9,14.0,7.6,5.1,6.0,20.0,18.0,113.7,-9.3,110.2,118.9,-8.7,0.65,2.0,19.5,0.24,0.683,0.459,0.136,0.538,0.567,103.07,85.89,8461,0.454,46.1,92.9,0.496,12.3,33.9,0.362,18.6,24.0,0.777,12.1,36.8,48.9,29.0,14.0,8.0,6.0,5.1,18.0,20.0,123.0,WAS,23-24
1610612737,Atlanta Hawks,82,40,42,0.488,48.2,43.4,91.8,0.472,13.5,37.7,0.358,18.0,23.2,0.775,11.9,32.6,44.5,29.6,15.5,9.7,5.1,4.9,19.1,19.1,118.2,-1.1,113.7,114.8,-1.1,0.682,1.91,19.9,0.3,0.715,0.503,0.149,0.546,0.579,103.41,86.17,8521,0.498,43.4,90.2,0.481,14.3,37.8,0.377,18.2,22.7,0.802,10.3,33.4,43.7,28.2,16.0,9.2,4.9,5.1,19.1,19.1,119.3,ATL,24-25
1610612738,Boston Celtics,82,61,21,0.744,48.4,41.6,90.0,0.462,17.8,48.2,0.368,15.3,19.1,0.799,11.4,33.9,45.3,26.1,11.9,7.2,5.5,3.6,15.9,17.5,116.3,9.1,119.5,110.1,9.4,0.628,2.2,19.0,0.291,0.717,0.506,0.122,0.561,0.591,96.59,80.49,7979,0.542,40.3,89.4,0.45,12.9,37.1,0.347,13.8,17.7,0.777,10.7,33.0,43.7,24.0,12.8,6.9,3.6,5.5,17.5,15.9,107.2,BOS,24-25
1610612751,Brooklyn Nets,82,26,56,0.317,48.2,37.6,86.1,0.437,13.6,39.4,0.344,16.3,20.7,0.787,10.9,30.4,41.3,25.2,15.2,7.8,4.3,5.6,20.7,18.9,105.1,-7.1,108.1,115.4,-7.3,0.669,1.66,18.4,0.294,0.699,0.487,0.156,0.516,0.552,96.73,80.61,7970,0.452,40.5,84.3,0.48,12.9,35.7,0.362,18.4,23.6,0.779,10.1,33.6,43.7,27.1,15.0,8.0,5.6,4.3,18.9,20.7,112.2,BRK,24-25
1610612766,Charlotte Hornets,82,19,63,0.232,48.2,38.3,89.1,0.43,13.0,38.3,0.339,15.5,19.8,0.783,12.2,33.0,45.2,24.3,15.5,7.4,4.5,5.3,18.7,18.1,105.1,-9.1,106.7,115.7,-9.1,0.635,1.57,17.5,0.308,0.705,0.5,0.157,0.503,0.537,98.22,81.85,8079,0.45,41.6,88.9,0.467,14.2,40.0,0.355,16.9,21.4,0.79,11.3,33.9,45.2,26.8,13.3,8.8,5.3,4.5,18.1,18.7,114.2,CHO,24-25
1610612741,Chicago Bulls,82,39,43,0.476,48.2,43.2,92.0,0.47,15.4,42.0,0.367,16.0,19.7,0.809,10.1,35.8,45.9,29.1,14.7,7.6,4.7,5.1,17.6,16.8,117.8,-1.6,113.2,114.8,-1.6,0.673,1.98,19.9,0.26,0.722,0.496,0.141,0.553,0.585,103.61,86.34,8532,0.495,44.4,95.0,0.467,13.6,39.6,0.344,16.9,21.5,0.786,11.0,35.1,46.1,28.9,12.6,8.1,5.1,4.7,16.8,17.6,119.4,CHI,24-25
1610612739,Cleveland Cavaliers,82,64,18,0.78,48.2,44.5,90.8,0.491,15.9,41.5,0.383,17.0,21.9,0.776,11.2,34.2,45.4,28.1,13.2,8.2,4.3,4.4,18.1,18.9,121.9,9.5,121.0,111.8,9.2,0.631,2.13,19.6,0.296,0.7,0.505,0.131,0.578,0.607,100.31,83.59,8267,0.546,41.2,90.9,0.454,13.5,37.5,0.359,16.5,21.1,0.779,11.5,32.0,43.5,25.6,14.5,7.8,4.4,4.3,18.9,18.1,112.4,CLE,24-25
1610612742,Dallas Mavericks,82,39,43,0.476,48.1,42.0,87.7,0.479,12.4,34.2,0.364,17.8,23.1,0.77,10.1,33.0,43.0,25.2,14.0,7.8,5.4,4.6,17.8,18.7,114.2,-1.2,113.7,115.0,-1.3,0.601,1.8,18.2,0.271,0.694,0.488,0.14,0.549,0.583,100.15,83.46,8238,0.496,43.1,91.7,0.469,12.9,35.4,0.363,16.4,21.1,0.779,12.1,33.2,45.3,27.1,13.2,8.1,4.6,5.4,18.7,17.8,115.4,DAL,24-25
1610612743,Denver Nuggets,82,50,32,0.61,48.4,45.4,89.8,0.506,12.0,31.9,0.376,17.9,23.3,0.77,11.2,34.5,45.7,31.0,14.3,8.0,4.9,5.1,17.6,19.0,120.8,3.9,118.9,115.1,3.8,0.683,2.17,21.1,0.311,0.709,0.52,0.14,0.573,0.604,100.67,83.89,8328,0.529,43.3,93.0,0.466,14.1,38.7,0.365,16.1,20.7,0.777,11.7,30.7,42.5,29.0,13.0,8.7,5.1,4.9,19.0,17.6,116.9,DEN,24-25
1610612765,Detroit Pistons,82,44,38,0.537,48.3,42.7,89.8,0.476,12.8,35.4,0.362,17.2,22.3,0.774,11.4,33.4,44.8,26.4,14.9,8.0,5.3,5.0,20.7,18.9,115.5,1.9,114.6,112.5,2.1,0.618,1.78,18.6,0.305,0.714,0.511,0.147,0.547,0.58,100.27,83.56,8268,0.509,40.6,87.9,0.461,13.6,37.2,0.366,18.8,24.3,0.776,10.5,31.9,42.5,24.8,15.1,8.9,5.0,5.3,18.9,20.7,113.6,DET,24-25
1610612744,Golden State Warriors,82,48,34,0.585,48.1,40.8,90.4,0.451,15.4,42.4,0.364,16.9,22.1,0.764,12.5,32.8,45.4,29.1,14.0,9.4,4.8,5.4,19.2,18.6,113.8,3.3,114.2,111.0,3.2,0.714,2.07,20.1,0.314,0.716,0.509,0.141,0.536,0.568,99.37,82.81,8173,0.515,40.4,86.9,0.465,13.2,36.3,0.363,16.4,21.4,0.769,10.6,33.5,44.1,25.9,15.7,7.6,5.4,4.8,18.6,19.2,110.5,GSW,24-25
1610612745,Houston Rockets,82,52,30,0.634,48.2,42.5,93.4,0.455,12.7,35.8,0.353,16.7,22.6,0.738,14.6,33.8,48.5,23.3,13.9,8.4,5.0,5.7,19.0,19.2,114.3,4.5,114.9,110.3,4.6,0.549,1.68,16.4,0.363,0.715,0.533,0.14,0.523,0.553,99.03,82.53,8159,0.515,40.5,88.3,0.459,12.3,34.5,0.357,16.4,21.7,0.759,10.6,31.6,42.1,23.5,14.3,7.9,5.7,5.0,19.2,19.0,109.8,HOU,24-25
1610612754,Indiana Pacers,82,50,32,0.61,48.4,43.6,89.3,0.488,13.2,35.8,0.368,17.0,21.6,0.789,9.2,32.7,41.8,29.2,13.2,8.5,5.5,4.5,18.7,18.8,117.4,2.2,115.4,113.3,2.1,0.671,2.22,20.5,0.254,0.705,0.483,0.13,0.562,0.594,100.76,83.97,8341,0.521,42.6,89.9,0.474,12.9,36.3,0.355,17.0,22.0,0.773,11.2,33.8,45.0,26.0,15.0,7.2,4.5,5.5,18.8,18.7,115.1,IND,24-25
1610612746,LA Clippers,82,50,32,0.61,48.3,41.6,86.3,0.482,12.5,33.4,0.373,17.3,21.7,0.797,10.3,33.5,43.8,25.2,14.9,9.4,4.5,4.3,18.3,17.8,112.9,4.7,114.3,109.4,4.9,0.605,1.69,18.4,0.282,0.734,0.512,0.151,0.554,0.589,98.24,81.87,8099,0.521,39.5,85.8,0.461,13.0,37.0,0.35,16.2,21.0,0.772,9.7,31.8,41.5,25.7,15.0,8.8,4.3,4.5,17.8,18.3,108.2,LAC,24-25
1610612747,Los Angeles Lakers,82,50,32,0.61,48.1,40.9,85.5,0.479,13.3,36.4,0.366,18.2,23.2,0.785,9.7,32.8,42.4,26.0,14.0,7.7,4.5,4.2,17.3,19.2,113.4,1.2,115.0,113.8,1.2,0.635,1.86,18.9,0.273,0.702,0.495,0.142,0.557,0.593,98.34,81.95,8084,0.511,41.4,89.3,0.463,13.6,38.1,0.356,15.9,20.5,0.775,11.2,31.8,43.0,27.3,13.7,8.2,4.2,4.5,19.2,17.3,112.2,LAL,24-25
1610612763,Memphis Grizzlies,82,48,34,0.585,48.1,44.8,93.3,0.479,13.9,37.9,0.367,18.3,23.3,0.786,12.9,34.4,47.3,28.4,15.7,8.9,5.6,5.5,20.9,20.2,121.7,4.9,117.2,112.6,4.7,0.635,1.81,19.1,0.33,0.702,0.518,0.151,0.554,0.588,103.69,86.4,8513,0.524,41.9,91.8,0.456,14.2,39.4,0.36,18.9,24.5,0.77,11.5,32.0,43.5,27.0,15.1,8.7,5.5,5.6,20.2,20.9,116.9,MEM,24-25
1610612748,Miami Heat,82,37,45,0.451,48.6,40.5,87.0,0.465,13.7,37.3,0.367,16.0,20.2,0.791,9.7,33.7,43.4,26.4,13.6,8.1,3.8,4.7,15.5,17.0,110.6,0.6,112.4,112.0,0.4,0.653,1.94,19.2,0.263,0.724,0.496,0.138,0.544,0.576,97.08,80.9,8066,0.505,41.3,88.6,0.466,13.6,37.9,0.36,13.9,17.9,0.776,10.7,33.9,44.7,26.5,13.8,7.5,4.7,3.8,17.0,15.5,110.0,MIA,24-25
1610612749,Milwaukee Bucks,82,48,34,0.585,48.2,42.0,86.4,0.486,14.2,36.6,0.387,17.3,23.1,0.75,8.2,35.1,43.4,25.5,13.4,7.3,4.7,3.8,17.9,18.9,115.5,2.5,115.1,112.7,2.4,0.607,1.91,18.7,0.235,0.725,0.491,0.133,0.568,0.598,99.92,83.26,8228,0.513,41.6,91.1,0.457,13.9,39.4,0.353,15.9,20.3,0.783,11.0,34.3,45.3,26.4,12.9,7.3,3.8,4.7,18.9,17.9,113.0,MIL,24-25
1610612750,Minnesota Timberwolves,82,49,33,0.598,48.4,41.0,87.6,0.468,15.0,39.9,0.377,17.2,21.8,0.789,11.1,33.2,44.3,26.1,14.5,8.0,5.0,4.5,18.3,19.2,114.3,5.0,115.7,110.8,5.0,0.637,1.81,18.7,0.3,0.709,0.507,0.146,0.554,0.588,97.95,81.62,8097,0.524,40.5,88.0,0.46,12.7,36.0,0.353,15.7,20.4,0.767,11.0,31.8,42.9,24.8,14.7,8.4,4.5,5.0,19.2,18.3,109.3,MIN,24-25
1610612740,New Orleans Pelicans,82,21,61,0.256,48.2,40.6,89.9,0.452,12.0,34.6,0.347,16.5,21.9,0.754,12.1,31.5,43.6,25.8,14.6,8.5,5.2,5.2,18.3,17.9,109.8,-9.4,109.7,119.1,-9.4,0.636,1.76,18.3,0.303,0.682,0.487,0.146,0.519,0.552,99.77,83.14,8212,0.455,43.7,90.5,0.483,14.6,40.1,0.365,17.2,21.9,0.786,11.9,33.9,45.7,28.6,14.0,9.0,5.2,5.2,17.9,18.3,119.3,NOP,24-25
1610612752,New York Knicks,82,51,31,0.622,48.5,43.3,89.2,0.486,12.6,34.1,0.369,16.5,20.7,0.8,10.9,31.8,42.6,27.5,13.3,8.2,4.0,5.0,17.2,19.0,115.8,4.1,117.3,113.3,4.0,0.634,2.07,19.6,0.305,0.71,0.508,0.134,0.556,0.589,97.64,81.37,8093,0.527,41.6,87.7,0.474,13.1,35.7,0.367,15.4,19.5,0.789,10.9,31.0,41.8,25.2,14.5,7.0,5.0,4.0,19.0,17.2,111.7,NYK,24-25
1610612760,Oklahoma City Thunder,82,68,14,0.829,48.1,44.6,92.7,0.482,14.5,38.8,0.374,16.7,20.4,0.819,10.6,34.2,44.8,26.9,11.7,10.3,5.7,4.8,19.9,18.1,120.5,12.9,119.2,106.6,12.7,0.602,2.29,18.9,0.281,0.704,0.496,0.116,0.56,0.593,100.9,84.09,8286,0.562,37.9,87.0,0.436,13.5,39.3,0.342,18.3,23.7,0.774,11.6,33.3,44.9,24.6,17.0,6.7,4.8,5.7,18.1,19.9,107.6,OKC,24-25
1610612753,Orlando Magic,82,41,41,0.5,48.1,38.2,85.8,0.445,11.2,35.3,0.318,17.9,23.0,0.775,11.1,30.7,41.8,23.0,14.2,8.9,6.0,4.4,20.1,20.3,105.4,-0.1,108.9,109.1,-0.2,0.603,1.62,17.1,0.302,0.72,0.501,0.147,0.51,0.55,96.51,80.43,7935,0.497,38.1,81.5,0.468,11.4,31.4,0.365,17.9,23.4,0.766,9.2,33.0,42.1,22.8,16.2,7.7,4.4,6.0,20.3,20.1,105.5,ORL,24-25
1610612755,Philadelphia 76ers,82,24,58,0.293,48.3,39.7,87.4,0.454,12.7,37.2,0.341,17.5,22.5,0.78,10.4,29.4,39.8,23.2,13.6,9.2,4.5,5.1,19.0,18.7,109.6,-6.2,111.0,117.3,-6.3,0.584,1.7,17.1,0.279,0.678,0.471,0.138,0.527,0.563,98.13,81.77,8098,0.459,42.4,86.8,0.488,14.2,37.6,0.378,16.9,21.2,0.794,11.5,34.0,45.5,28.3,16.0,7.4,5.1,4.5,18.7,19.0,115.8,PHI,24-25
1610612756,Phoenix Suns,82,36,46,0.439,48.4,41.2,86.3,0.478,14.3,38.0,0.378,16.8,20.8,0.81,9.5,32.9,42.5,27.8,14.1,7.2,4.8,4.0,17.9,18.4,113.6,-3.0,114.7,117.7,-3.0,0.673,1.97,20.0,0.264,0.709,0.493,0.142,0.561,0.595,98.31,81.93,8121,0.495,42.6,90.1,0.473,14.2,38.4,0.37,17.2,21.8,0.79,11.5,32.7,44.2,27.3,12.2,8.5,4.0,4.8,18.4,17.9,116.6,PHO,24-25
1610612757,Portland Trail Blazers,82,36,46,0.439,48.2,40.5,90.2,0.45,12.9,37.7,0.342,16.9,22.2,0.762,13.4,31.4,44.8,23.8,16.0,8.3,5.3,5.5,19.0,19.3,110.9,-3.0,111.0,113.7,-2.7,0.587,1.49,16.9,0.332,0.682,0.501,0.16,0.521,0.555,99.51,82.92,8192,0.473,41.6,88.3,0.471,12.7,35.2,0.361,18.0,22.5,0.799,11.9,32.3,44.2,26.2,15.5,9.5,5.5,5.3,19.3,19.0,113.9,POR,24-25
1610612758,Sacramento Kings,82,40,42,0.488,48.5,43.0,90.1,0.478,12.6,35.2,0.357,17.1,21.2,0.806,11.0,33.2,44.2,26.5,13.3,7.6,4.4,4.3,18.9,18.5,115.7,0.5,115.9,115.3,0.6,0.615,1.99,18.8,0.294,0.728,0.51,0.133,0.548,0.582,98.91,82.42,8189,0.502,41.6,87.8,0.474,14.5,38.2,0.381,17.6,22.4,0.783,10.0,32.4,42.3,27.0,13.9,7.9,4.3,4.4,18.5,18.9,115.3,SAC,24-25
1610612759,San Antonio Spurs,82,34,48,0.415,48.1,41.8,89.8,0.465,14.1,39.6,0.357,16.2,21.0,0.774,10.9,32.7,43.7,28.6,13.9,8.2,5.5,4.3,16.6,17.4,113.9,-2.8,113.5,116.3,-2.8,0.685,2.06,20.1,0.278,0.69,0.485,0.138,0.544,0.575,100.08,83.4,8231,0.493,43.8,92.5,0.474,14.4,39.3,0.365,14.6,18.5,0.79,12.1,34.1,46.2,28.0,13.7,8.1,4.3,5.5,17.4,16.6,116.7,SAS,24-25
1610612761,Toronto Raptors,82,30,52,0.366,48.3,41.6,91.0,0.458,11.8,34.0,0.348,15.8,21.1,0.748,12.6,32.5,45.1,28.5,15.3,8.1,4.2,5.9,21.2,18.1,110.9,-4.3,109.6,113.6,-4.1,0.685,1.86,19.6,0.311,0.696,0.5,0.152,0.522,0.553,100.62,83.85,8297,0.477,41.2,88.3,0.466,13.2,37.7,0.349,19.6,25.2,0.778,11.5,33.5,45.0,25.9,15.1,9.2,5.9,4.2,18.1,21.2,115.2,TOR,24-25
1610612762,Utah Jazz,82,17,65,0.207,48.3,40.3,88.7,0.454,14.0,39.8,0.35,17.3,22.4,0.774,12.0,33.4,45.4,25.5,17.2,6.8,4.4,6.4,18.9,19.3,111.9,-9.3,110.2,119.4,-9.2,0.633,1.48,17.9,0.311,0.705,0.508,0.17,0.533,0.568,100.85,84.04,8322,0.45,44.6,93.0,0.48,14.9,41.5,0.358,17.2,22.6,0.763,11.7,32.6,44.2,29.6,11.8,9.8,6.4,4.4,19.3,18.9,121.2,UTA,24-25
1610612764,Washington Wizards,82,18,64,0.22,48.1,39.4,89.9,0.439,13.1,39.1,0.335,16.0,20.6,0.778,10.6,33.1,43.7,25.1,15.6,7.6,5.1,5.2,19.7,18.2,108.0,-12.4,105.8,118.0,-12.2,0.637,1.61,17.8,0.272,0.685,0.476,0.152,0.512,0.546,101.82,84.85,8371,0.437,43.7,92.8,0.471,14.3,39.2,0.364,18.8,23.7,0.793,12.9,36.0,48.9,28.5,13.3,9.1,5.2,5.1,18.2,19.7,120.4,WAS,24-25
1610612737,Atlanta Hawks,82,46,36,0.561,48.2,43.6,92.0,0.474,14.6,39.5,0.371,16.6,21.5,0.774,11.0,32.6,43.5,30.1,14.2,9.4,4.7,4.9,19.7,18.5,118.5,2.4,115.0,112.9,2.2,0.691,2.13,20.4,0.291,0.702,0.495,0.138,0.554,0.584,102.5,85.42,8444,0.51,42.4,89.4,0.474,12.9,36.3,0.355,18.5,23.2,0.794,11.1,34.1,45.2,26.6,16.1,8.5,4.9,4.7,18.5,19.7,116.0,ATL,25-26
1610612738,Boston Celtics,82,56,26,0.683,48.1,42.1,90.2,0.467,15.5,42.1,0.367,15.1,18.7,0.807,12.5,33.9,46.4,24.6,12.4,7.1,5.0,4.1,19.0,18.4,114.9,7.7,120.0,111.7,8.3,0.585,1.99,18.0,0.336,0.71,0.525,0.129,0.553,0.583,95.58,79.65,7850,0.536,38.4,86.8,0.442,14.0,39.1,0.358,16.4,21.2,0.775,10.9,30.4,41.2,24.7,12.4,6.2,4.1,5.0,18.4,19.0,107.2,BOS,25-26
1610612751,Brooklyn Nets,82,20,62,0.244,48.2,37.5,84.5,0.443,13.1,38.4,0.34,17.9,23.0,0.78,10.3,29.0,39.3,25.0,15.8,8.0,4.3,5.3,21.1,19.5,105.9,-10.0,108.2,118.2,-10.0,0.668,1.59,18.3,0.287,0.687,0.478,0.161,0.52,0.559,97.6,81.34,8028,0.436,42.2,84.7,0.497,12.5,32.9,0.381,19.1,24.6,0.775,10.2,33.4,43.6,27.5,14.5,9.1,5.3,4.3,19.5,21.1,115.9,BRK,25-26
1610612766,Charlotte Hornets,82,44,38,0.537,48.2,40.9,88.9,0.46,16.4,43.3,0.378,17.8,21.7,0.818,12.8,33.3,46.1,26.3,15.4,7.0,4.5,4.4,19.1,19.8,116.0,4.8,118.4,113.5,4.9,0.643,1.71,18.6,0.358,0.722,0.539,0.157,0.552,0.589,97.59,81.33,8033,0.516,41.0,87.9,0.467,12.8,35.7,0.359,16.3,20.4,0.801,10.2,29.1,39.3,25.9,12.7,8.2,4.4,4.5,19.8,19.1,111.2,CHO,25-26
1610612741,Chicago Bulls,82,31,51,0.378,48.2,42.4,90.5,0.469,14.3,40.1,0.356,17.3,22.2,0.776,10.4,34.7,45.0,28.5,15.3,7.6,5.0,5.6,19.0,18.8,116.3,-5.2,112.1,117.4,-5.3,0.672,1.86,19.5,0.279,0.708,0.496,0.148,0.547,0.58,103.22,86.01,8506,0.48,44.8,93.7,0.478,14.1,38.2,0.368,17.8,23.0,0.774,11.3,34.4,45.7,28.8,13.0,9.1,5.6,5.0,18.8,19.0,121.5,CHI,25-26
1610612739,Cleveland Cavaliers,82,52,30,0.634,48.2,43.3,90.0,0.482,14.3,39.8,0.36,18.5,23.9,0.776,11.7,32.7,44.4,28.3,14.0,8.5,5.0,4.3,19.6,20.5,119.5,4.1,118.3,114.1,4.1,0.653,2.02,19.7,0.307,0.692,0.502,0.138,0.561,0.595,100.7,83.91,8286,0.522,41.3,89.1,0.464,14.2,38.1,0.372,18.6,23.4,0.794,11.3,31.9,43.2,26.9,15.0,8.6,4.3,5.0,20.5,19.6,115.4,CLE,25-26
1610612742,Dallas Mavericks,82,26,56,0.317,48.4,41.9,89.8,0.466,11.0,31.9,0.344,19.5,25.8,0.755,10.5,34.2,44.7,25.3,14.5,7.5,5.2,5.3,18.4,21.0,114.1,-5.5,110.3,115.5,-5.2,0.604,1.74,17.7,0.279,0.702,0.492,0.141,0.527,0.564,102.62,85.52,8484,0.477,44.8,93.8,0.478,12.8,36.5,0.35,17.2,22.3,0.77,12.0,34.8,46.8,28.4,13.4,8.8,5.3,5.2,21.0,18.4,119.6,DAL,25-26
1610612743,Denver Nuggets,82,54,28,0.659,48.6,43.5,87.8,0.496,14.2,35.8,0.396,20.8,25.8,0.808,9.8,34.2,44.0,29.0,12.9,6.8,4.0,4.6,19.1,21.5,122.1,5.1,121.2,116.0,5.2,0.665,2.25,20.3,0.286,0.717,0.511,0.128,0.577,0.616,99.49,82.91,8259,0.529,42.7,91.2,0.468,13.6,39.1,0.349,17.8,23.1,0.771,11.2,31.6,42.8,27.5,11.8,7.8,4.6,4.0,21.5,19.1,116.9,DEN,25-26
1610612765,Detroit Pistons,82,60,22,0.732,48.3,43.4,89.5,0.485,11.0,30.9,0.356,19.9,26.1,0.763,13.1,32.5,45.6,27.8,15.1,10.4,6.4,5.8,22.0,21.3,117.8,8.2,117.3,108.9,8.4,0.641,1.84,19.1,0.354,0.689,0.524,0.151,0.546,0.583,99.88,83.23,8231,0.552,37.8,85.2,0.443,12.7,36.8,0.345,21.4,27.2,0.788,11.3,29.3,40.5,23.5,16.9,8.9,5.8,6.4,21.3,22.0,109.6,DET,25-26
1610612744,Golden State Warriors,82,37,45,0.451,48.3,40.9,88.8,0.461,15.7,44.1,0.356,17.0,21.1,0.807,11.4,31.0,42.3,28.9,15.7,9.7,4.2,4.2,19.6,18.6,114.6,-0.6,113.8,114.4,-0.5,0.706,1.85,20.0,0.302,0.684,0.49,0.156,0.549,0.584,100.05,83.37,8255,0.495,42.4,88.3,0.48,12.9,35.9,0.36,17.5,21.8,0.802,11.5,32.7,44.2,27.1,15.9,8.8,4.2,4.2,18.6,19.6,115.2,GSW,25-26
1610612745,Houston Rockets,82,52,30,0.634,48.5,43.0,89.8,0.479,11.5,31.5,0.364,17.8,23.4,0.763,15.0,33.1,48.1,25.4,15.4,8.5,5.8,4.7,18.3,20.0,115.2,5.2,117.5,112.1,5.4,0.591,1.65,17.8,0.388,0.701,0.545,0.157,0.542,0.576,96.98,80.82,8042,0.533,40.5,88.0,0.46,12.4,35.3,0.351,16.7,22.1,0.756,11.3,28.2,39.5,24.5,13.4,9.0,4.7,5.8,20.0,18.3,110.0,HOU,25-26
1610612754,Indiana Pacers,82,19,63,0.232,48.2,40.8,89.1,0.458,13.4,37.6,0.356,17.4,22.5,0.776,9.8,32.1,41.9,27.7,14.5,7.4,4.6,4.8,20.9,19.9,112.4,-8.0,110.1,117.9,-7.8,0.678,1.91,19.4,0.263,0.695,0.475,0.142,0.533,0.568,101.78,84.81,8377,0.465,44.3,90.5,0.489,12.1,34.1,0.355,19.8,25.6,0.773,11.2,35.4,46.7,26.4,13.5,8.1,4.8,4.6,19.9,20.9,120.4,IND,25-26
1610612746,LA Clippers,82,42,40,0.512,48.2,40.5,83.6,0.484,12.4,33.8,0.368,20.3,24.7,0.823,9.6,31.0,40.6,23.7,14.3,9.0,4.9,4.6,18.9,20.1,113.8,1.1,116.3,115.2,1.1,0.586,1.66,17.7,0.284,0.681,0.49,0.147,0.559,0.602,97.29,81.07,8019,0.508,41.0,87.5,0.469,13.3,36.4,0.364,17.3,21.7,0.796,11.5,30.8,42.4,26.1,14.3,8.5,4.6,4.9,20.1,18.9,112.6,LAC,25-26
1610612747,Los Angeles Lakers,82,53,29,0.646,48.1,42.0,83.7,0.502,11.8,32.9,0.359,20.4,26.8,0.763,9.4,31.5,41.0,25.9,14.5,8.5,4.3,3.5,18.5,21.0,116.3,1.8,117.0,115.5,1.5,0.615,1.79,18.7,0.285,0.7,0.499,0.146,0.573,0.609,99.22,82.68,8156,0.513,42.5,88.1,0.483,12.8,36.4,0.352,16.8,21.2,0.792,10.9,30.1,41.0,27.4,14.6,8.9,3.5,4.3,21.0,18.5,114.6,LAL,25-26
1610612763,Memphis Grizzlies,82,25,57,0.305,48.1,41.3,90.6,0.456,13.9,39.5,0.353,18.0,22.8,0.793,11.2,31.0,42.1,27.8,15.1,8.8,4.8,5.3,20.5,19.5,114.7,-6.0,112.4,118.4,-6.0,0.673,1.85,19.2,0.301,0.663,0.478,0.148,0.533,0.57,101.69,84.74,8365,0.47,44.1,91.0,0.485,14.0,38.6,0.364,18.5,23.8,0.775,12.7,34.0,46.8,28.2,15.5,8.8,5.3,4.8,19.5,20.5,120.7,MEM,25-26
1610612748,Miami Heat,82,43,39,0.524,48.1,43.7,93.3,0.468,13.7,37.9,0.361,19.8,25.0,0.792,11.8,34.5,46.3,29.0,13.7,8.6,4.3,4.9,18.9,20.3,120.9,2.3,115.8,113.6,2.1,0.663,2.12,19.5,0.296,0.703,0.499,0.131,0.542,0.58,104.22,86.85,8561,0.514,43.3,93.0,0.465,14.0,39.0,0.359,18.0,22.4,0.804,11.6,34.8,46.4,27.5,15.0,7.9,4.9,4.3,20.3,18.9,118.5,MIA,25-26
1610612749,Milwaukee Bucks,82,32,50,0.39,48.2,40.8,85.5,0.477,15.1,39.1,0.387,13.9,19.1,0.73,8.9,31.8,40.7,25.8,15.2,7.4,4.0,4.1,19.7,17.6,110.6,-6.2,112.2,118.3,-6.1,0.633,1.7,18.9,0.263,0.695,0.482,0.154,0.565,0.589,98.33,81.94,8087,0.464,41.5,87.8,0.473,14.8,39.5,0.375,18.9,24.1,0.785,11.1,33.4,44.5,27.9,13.1,8.7,4.1,4.0,17.6,19.7,116.8,MIL,25-26
1610612750,Minnesota Timberwolves,82,49,33,0.598,48.2,42.6,88.5,0.481,13.8,37.2,0.37,19.0,25.3,0.752,11.1,33.0,44.1,26.1,14.8,8.7,5.8,4.1,21.2,20.5,118.0,3.4,115.6,112.5,3.1,0.612,1.76,18.3,0.302,0.691,0.499,0.145,0.559,0.592,101.5,84.59,8372,0.516,41.4,89.7,0.462,12.1,34.0,0.355,19.8,25.3,0.781,11.8,32.0,43.7,26.0,15.0,8.3,4.1,5.8,20.5,21.2,114.6,MIN,25-26
1610612740,New Orleans Pelicans,82,26,56,0.317,48.3,42.1,90.5,0.466,11.1,32.1,0.347,20.1,25.7,0.784,12.2,31.7,43.9,25.1,14.2,8.9,5.2,5.8,19.9,20.2,115.5,-4.5,113.3,117.6,-4.4,0.596,1.77,17.6,0.311,0.674,0.491,0.139,0.527,0.568,101.37,84.47,8363,0.48,43.8,91.7,0.477,14.2,40.5,0.35,18.3,23.6,0.774,12.7,33.1,45.8,28.1,14.5,8.0,5.8,5.2,20.2,19.9,120.0,NOP,25-26
1610612752,New York Knicks,82,53,29,0.646,48.2,42.7,89.4,0.478,14.2,38.2,0.373,16.8,21.3,0.792,12.7,32.9,45.6,27.4,13.6,8.1,3.9,4.3,20.0,19.5,116.5,6.3,118.7,112.3,6.4,0.643,2.01,19.4,0.328,0.715,0.522,0.139,0.557,0.59,97.71,81.43,8046,0.533,39.3,85.5,0.46,13.9,38.4,0.362,17.6,22.7,0.778,10.0,30.5,40.5,25.0,14.4,7.3,4.3,3.9,19.5,20.0,110.1,NYK,25-26
1610612760,Oklahoma City Thunder,82,64,18,0.78,48.4,43.1,89.1,0.484,13.8,37.9,0.365,19.0,23.2,0.817,9.6,34.6,44.1,25.8,12.6,9.7,5.5,4.4,19.0,20.4,119.0,11.1,117.6,106.5,11.1,0.598,2.05,18.5,0.264,0.697,0.49,0.124,0.561,0.599,100.37,83.64,8301,0.562,38.7,88.4,0.437,14.3,38.9,0.369,16.2,21.9,0.74,11.9,33.3,45.2,25.0,16.7,7.6,4.4,5.5,20.4,19.0,107.9,OKC,25-26
1610612753,Orlando Magic,82,45,37,0.549,48.4,41.0,88.3,0.464,11.7,34.1,0.343,22.0,27.5,0.801,11.0,32.4,43.4,26.5,14.2,8.5,4.7,5.4,21.0,21.9,115.7,0.6,114.2,113.6,0.6,0.647,1.87,18.6,0.306,0.71,0.505,0.14,0.531,0.576,100.56,83.8,8310,0.505,41.7,87.7,0.476,12.1,34.3,0.353,19.6,25.0,0.781,10.5,32.9,43.3,25.3,14.9,8.2,5.4,4.7,21.9,21.0,115.1,ORL,25-26
1610612755,Philadelphia 76ers,82,45,37,0.549,48.5,41.7,90.3,0.462,12.3,35.3,0.349,20.1,24.8,0.809,11.8,31.8,43.6,24.6,13.6,9.1,5.7,5.1,20.3,19.9,115.9,-0.2,114.3,114.4,-0.1,0.589,1.81,17.4,0.306,0.678,0.491,0.134,0.53,0.572,100.39,83.66,8314,0.497,41.8,89.6,0.467,13.4,37.9,0.353,19.0,24.2,0.785,12.1,33.2,45.3,27.6,15.4,7.3,5.1,5.7,19.9,20.3,116.1,PHI,25-26
1610612756,Phoenix Suns,82,45,37,0.549,48.2,41.0,90.1,0.455,14.8,40.8,0.361,15.8,20.3,0.781,13.0,30.1,43.1,24.6,14.5,9.5,4.2,4.5,20.6,18.9,112.6,1.5,114.2,112.9,1.4,0.601,1.7,17.6,0.331,0.677,0.498,0.147,0.537,0.568,98.14,81.79,8083,0.495,40.2,85.5,0.47,12.2,35.1,0.347,18.6,23.6,0.785,11.8,31.9,43.7,25.1,16.3,7.9,4.5,4.2,18.9,20.6,111.1,PHO,25-26
1610612757,Portland Trail Blazers,82,42,40,0.512,48.2,40.9,90.1,0.453,14.5,42.2,0.343,19.3,25.2,0.765,14.1,31.9,46.0,25.1,17.3,8.3,5.5,5.7,19.9,22.0,115.5,-0.3,113.1,113.5,-0.4,0.616,1.46,17.3,0.354,0.688,0.517,0.169,0.534,0.57,101.63,84.69,8370,0.488,42.0,89.3,0.471,12.5,35.0,0.358,19.2,24.3,0.79,12.0,31.0,43.0,26.4,15.6,10.8,5.7,5.5,22.0,19.9,115.8,POR,25-26
1610612758,Sacramento Kings,82,22,60,0.268,48.2,41.6,89.0,0.467,10.3,30.2,0.34,17.6,22.8,0.772,11.5,30.8,42.3,25.5,14.3,8.0,4.5,4.7,19.7,18.3,111.0,-10.0,110.6,120.3,-9.7,0.615,1.78,18.2,0.298,0.685,0.487,0.143,0.525,0.56,100.12,83.43,8233,0.455,44.0,89.0,0.494,13.8,36.5,0.379,19.2,24.4,0.789,11.1,32.8,43.9,28.0,14.0,8.7,4.7,4.5,18.3,19.7,121.0,SAC,25-26
1610612759,San Antonio Spurs,82,62,20,0.756,48.1,43.4,89.9,0.483,13.6,37.9,0.359,19.3,24.6,0.787,11.4,35.6,47.0,28.1,13.5,7.5,5.5,4.6,18.9,20.2,119.8,8.3,118.7,110.4,8.4,0.646,2.09,19.5,0.306,0.724,0.521,0.133,0.559,0.595,100.72,83.93,8275,0.542,41.0,91.1,0.451,13.0,36.9,0.352,16.4,20.8,0.79,10.4,32.1,42.6,26.2,13.0,7.7,4.6,5.5,20.2,18.9,111.5,SAS,25-26
1610612761,Toronto Raptors,82,46,36,0.561,48.2,42.6,88.4,0.482,11.4,32.1,0.354,18.0,23.4,0.769,10.9,31.2,42.1,29.5,13.7,8.8,4.8,5.0,20.9,19.8,114.6,2.8,115.0,112.1,2.9,0.692,2.16,20.5,0.3,0.693,0.496,0.137,0.546,0.581,99.22,82.68,8177,0.522,40.1,85.9,0.467,12.5,35.9,0.349,19.0,24.0,0.793,11.0,31.9,42.9,24.5,16.1,7.8,5.0,4.8,19.8,20.9,111.8,TOR,25-26
1610612762,Utah Jazz,82,22,60,0.268,48.4,42.5,91.1,0.467,12.6,36.7,0.345,19.9,25.3,0.786,12.0,31.8,43.8,29.6,15.5,8.9,3.8,5.8,21.1,20.3,117.6,-8.4,112.7,120.8,-8.2,0.696,1.91,19.9,0.298,0.693,0.492,0.149,0.536,0.575,103.54,86.28,8558,0.464,45.0,91.2,0.494,15.3,41.1,0.372,20.7,26.6,0.777,11.8,33.9,45.7,30.7,14.6,9.3,5.8,3.8,20.3,21.1,126.0,UTA,25-26
1610612764,Washington Wizards,82,17,65,0.207,48.2,41.8,90.4,0.463,13.0,36.4,0.359,16.2,21.2,0.766,11.0,30.9,41.9,25.0,15.7,8.0,5.5,5.4,21.3,17.9,112.9,-12.0,109.7,121.5,-11.8,0.599,1.6,17.6,0.285,0.664,0.471,0.152,0.535,0.566,102.49,85.41,8442,0.433,44.9,92.0,0.488,13.7,37.2,0.368,21.4,26.8,0.797,13.1,34.7,47.8,29.4,13.8,9.7,5.4,5.5,17.9,21.3,124.9,WAS,25-26
